{
    "logistic": {
        "accuracy": 0.49782923299565845,
        "log_loss": 1.0292165331084973,
        "f1_weighted": 0.4761215449342466,
        "precision_weighted": 0.4740680794202235,
        "recall_weighted": 0.49782923299565845,
        "precision_0": 0.32323232323232326,
        "recall_0": 0.17204301075268819,
        "f1_0": 0.22456140350877193,
        "precision_1": 0.5511551155115512,
        "recall_1": 0.5859649122807018,
        "f1_1": 0.5680272108843537,
        "precision_2": 0.5017301038062284,
        "recall_2": 0.6590909090909091,
        "f1_2": 0.5697445972495089,
        "feature_names": [
            "EloDiff",
            "FormDiff",
            "H2H",
            "IsDerby"
        ],
        "train_size": 45073,
        "val_size": 691
    },
    "random_forest": {
        "accuracy": 0.4905933429811867,
        "log_loss": 1.0284276642237586,
        "f1_weighted": 0.4790488973456492,
        "precision_weighted": 0.4746789891736053,
        "recall_weighted": 0.4905933429811867,
        "precision_0": 0.31343283582089554,
        "recall_0": 0.22580645161290322,
        "f1_0": 0.2625,
        "precision_1": 0.5429553264604811,
        "recall_1": 0.5543859649122806,
        "f1_1": 0.5486111111111112,
        "precision_2": 0.5225563909774437,
        "recall_2": 0.6318181818181818,
        "f1_2": 0.5720164609053497,
        "feature_importance": {
            "EloDiff": 0.8717841633705061,
            "FormDiff": 0.113103730685887,
            "H2H": 0.01450383032432232,
            "IsDerby": 0.000608275619284483
        },
        "best_params": {
            "bootstrap": true,
            "ccp_alpha": 0.0007773463696498484,
            "class_weight": "balanced",
            "max_depth": 41,
            "max_features": "log2",
            "max_samples": 0.5161579755548252,
            "min_samples_leaf": 9,
            "min_samples_split": 2,
            "n_estimators": 1223
        },
        "best_score": -1.0365259514156961,
        "cv_results": {
            "mean_test_neg_log_loss": -1.0365259514156961,
            "std_test_neg_log_loss": 0.013507905586445015
        },
        "feature_names": [
            "EloDiff",
            "FormDiff",
            "H2H",
            "IsDerby"
        ],
        "train_size": 45073,
        "val_size": 691
    }
}