{
    "validation_metrics": {
        "accuracy": 0.4452271926734766,
        "log_loss": 1.0758047572594773,
        "precision": {
            "H": 0.44554455445544555,
            "D": 0.6666666666666666,
            "A": 0.0
        },
        "recall": {
            "H": 0.9968354430379747,
            "D": 0.005095541401273885,
            "A": 0.0
        },
        "f1": {
            "H": 0.6158357771260997,
            "D": 0.010113780025284451,
            "A": 0.0
        },
        "support": {
            "H": 